<project xmlns:xsi="http://www.w3.org/2001/XMLSchema-instance" xmlns="http://maven.apache.org/POM/4.0.0"
         xsi:schemaLocation="http://maven.apache.org/POM/4.0.0 http://maven.apache.org/maven-v4_0_0.xsd">
    <modelVersion>4.0.0</modelVersion>
    <groupId>com.senturytire.pay</groupId>
    <artifactId>lianlianpay-accp-sdk</artifactId>
    <packaging>jar</packaging>
    <version>1.0.1-SNAPSHOT</version>
    <name>lianlianpay-accp-sdk</name>
    <url>http://maven.apache.org</url>

    <properties>
        <project.build.sourceEncoding>UTF-8</project.build.sourceEncoding>
        <project.reporting.outputEncoding>UTF-8</project.reporting.outputEncoding>
        <java.version>1.8</java.version>
        <tomcat.version>8.5.51</tomcat.version>
    </properties>

    <dependencies>
        <dependency>
            <groupId>org.slf4j</groupId>
            <artifactId>slf4j-api</artifactId>
            <version>1.7.30</version>
        </dependency>
        <dependency>
            <groupId>org.slf4j</groupId>
            <artifactId>slf4j-log4j12</artifactId>
            <version>1.7.30</version>
            <scope>test</scope>
        </dependency>
        <dependency>
            <groupId>commons-logging</groupId>
            <artifactId>commons-logging</artifactId>
            <version>1.2</version>
        </dependency>
        <dependency>
            <groupId>commons-io</groupId>
            <artifactId>commons-io</artifactId>
            <version>2.5</version>
        </dependency>
        <dependency>
            <groupId>com.alibaba</groupId>
            <artifactId>fastjson</artifactId>
            <version>1.2.75</version>
        </dependency>
        <dependency>
            <groupId>org.projectlombok</groupId>
            <artifactId>lombok</artifactId>
            <version>1.18.18</version>
        </dependency>
        <!-- ACCP-支付依赖 httpcomponents依赖 -->
        <dependency>
            <groupId>org.apache.httpcomponents.core5</groupId>
            <artifactId>httpcore5</artifactId>
            <version>5.0.3</version>
        </dependency>
        <!-- ACCP-支付依赖 https请求 -->
        <dependency>
            <groupId>org.apache.httpcomponents</groupId>
            <artifactId>httpclient</artifactId>
            <version>4.5.13</version>
        </dependency>
        <!-- ACCP-支付依赖 摘要运算、编码解码 -->
        <dependency>
            <groupId>commons-codec</groupId>
            <artifactId>commons-codec</artifactId>
            <version>20041127.091804</version>
        </dependency>
        <!-- JSR380 java bean 验证规范 导入hibernate jsr380实现会自动导入 Java Bean Validation -->
        <!--        <dependency>-->
        <!--            <groupId>javax.validation</groupId>-->
        <!--            <artifactId>validation-api</artifactId>-->
        <!--            <version>2.0.1.Final</version>-->
        <!--        </dependency>-->
        <!-- JSR380 java bean 验证规范的 hibernate 实现 -->
        <dependency>
            <groupId>org.hibernate.validator</groupId>
            <artifactId>hibernate-validator</artifactId>
            <version>6.0.17.Final</version>
        </dependency>
        <!-- 嵌入式的tomcat validator依赖-->
        <dependency>
            <groupId>org.apache.tomcat.embed</groupId>
            <artifactId>tomcat-embed-el</artifactId>
            <version>9.0.22</version>
        </dependency>
        <!-- 传统的tomcat（需要注意的是：传统的tomcat这种jar是不需要你手动导入的，tomcat自带的） validator依赖-->
        <dependency>
            <groupId>org.apache.tomcat</groupId>
            <artifactId>tomcat-jasper-el</artifactId>
            <version>9.0.22</version>
            <scope>provided</scope>
        </dependency>
        <!--  回调地址对接依赖 -->
        <dependency>
            <groupId>javax.servlet</groupId>
            <artifactId>javax.servlet-api</artifactId>
            <version>3.0.1</version>
            <scope>provided</scope>
        </dependency>
        <dependency>
            <groupId>javax.servlet.jsp</groupId>
            <artifactId>jsp-api</artifactId>
            <version>2.1</version>
            <scope>provided</scope>
        </dependency>
        <!--        junit 测试用 嵌入式tomcat -->
        <dependency>
            <groupId>org.apache.tomcat.embed</groupId>
            <artifactId>tomcat-embed-core</artifactId>
            <version>${tomcat.version}</version>
        </dependency>
        <dependency>
            <groupId>org.apache.tomcat.embed</groupId>
            <artifactId>tomcat-embed-jasper</artifactId>
            <version>${tomcat.version}</version>
        </dependency>
        <dependency>
            <groupId>org.apache.tomcat</groupId>
            <artifactId>tomcat-jasper</artifactId>
            <version>${tomcat.version}</version>
        </dependency>
        <dependency>
            <groupId>org.apache.tomcat</groupId>
            <artifactId>tomcat-jasper-el</artifactId>
            <version>${tomcat.version}</version>
        </dependency>
        <dependency>
            <groupId>org.apache.tomcat</groupId>
            <artifactId>tomcat-jsp-api</artifactId>
            <version>${tomcat.version}</version>
        </dependency>

        <!-- 接口生成器 依赖-->
        <dependency>
            <groupId>org.freemarker</groupId>
            <artifactId>freemarker</artifactId>
            <version>2.3.20</version>
            <scope>test</scope>
        </dependency>
        <dependency>
            <groupId>junit</groupId>
            <artifactId>junit</artifactId>
            <version>4.13.2</version>
            <scope>test</scope>
        </dependency>

    </dependencies>
    <build>
        <finalName>embeddedTomcatSample</finalName>
        <plugins>
            <plugin>
                <groupId>org.codehaus.mojo</groupId>
                <artifactId>appassembler-maven-plugin</artifactId>
                <version>2.0.0</version>
                <configuration>
                    <assembleDirectory>target</assembleDirectory>
                    <programs>
                        <program>
                            <mainClass>com.senturytire.pay.api.tomcat.Main</mainClass>
                            <name>webapp</name>
                        </program>
                    </programs>
                </configuration>
                <executions>
                    <execution>
                        <phase>package</phase>
                        <goals>
                            <goal>assemble</goal>
                        </goals>
                    </execution>
                </executions>
            </plugin>
        </plugins>
    </build>
</project>
